{"cameraMode":{"drawMode":0,"name":"Shaded","section":"Shading Mode"},"sceneLighting":true,"audioPlay":false,"sceneViewState":{"m_AlwaysRefresh":false,"showFog":true,"showSkybox":true,"showFlares":true,"showImageEffects":true,"showParticleSystems":true,"showVisualEffectGraphs":true,"m_FxEnabled":true},"in2DMode":false,"pivot":{"x":5.86418342590332,"y":2.9725780487060549,"z":-10.476367950439454},"rotation":{"x":0.010067971423268319,"y":0.1544683873653412,"z":0.0015742109389975668,"w":-0.9879457950592041},"size":2.792511463165283,"orthographic":false}